{"experiment": "orienternet_mgl.ckpt", "cfg": {"model": {"num_rotations": 32, "image_encoder": {"backbone": {"pretrained": false}}}, "data": {"data_dir": "E:\\code_file\\robot_final_project\\OrienterNet\\datasets\\kitti_subset", "tiles_filename": "tiles.pkl", "splits": {"train": "E:\\code_file\\robot_final_project\\OrienterNet\\project_assets\\kitti_subset_test.txt", "val": "E:\\code_file\\robot_final_project\\OrienterNet\\project_assets\\kitti_subset_test.txt", "test": "E:\\code_file\\robot_final_project\\OrienterNet\\project_assets\\kitti_subset_test.txt"}, "loading": {"train": {"batch_size": 1, "num_workers": 0}, "val": {"batch_size": 1, "num_workers": 0}, "test": {"batch_size": 1, "num_workers": 0}}, "max_num_val": null, "drop_train_too_close_to_val": null, "crop_size_meters": 48, "max_init_error": 16}}, "results": {"xy_expectation_error": 4.467639923095703, "xy_max_error": 4.240476131439209, "xy_recall_2m": 0.0, "xy_recall_5m": 0.6000000238418579, "yaw_max_error": 7.264413356781006, "yaw_recall_2\u00b0": 0.0, "yaw_recall_5\u00b0": 0.4000000059604645, "directional_error": [1.7642488479614258, 3.7002339363098145]}, "errors": {"xy_expectation_error": [5.600915431976318, 3.125478744506836, 3.79512095451355, 4.073118686676025, 5.743566989898682], "xy_max_error": [5.26940393447876, 3.0468108654022217, 3.4823060035705566, 3.9617371559143066, 5.442123889923096], "yaw_max_error": [15.133041381835938, 3.0255661010742188, 8.814064025878906, 5.7843780517578125, 3.5650177001953125], "directional_error": [[1.9467335939407349, 4.896615982055664], [1.6154085397720337, 2.5833139419555664], [0.347135066986084, 3.4649605751037598], [0.924857497215271, 3.8522720336914062], [3.987109422683716, 3.704007387161255]]}}