{"experiment": "orienternet_mgl.ckpt", "cfg": {"model": {"num_rotations": 256, "image_encoder": {"backbone": {"pretrained": false}}}, "data": {"data_dir": "E:\\code_file\\robot_final_project\\OrienterNet\\datasets\\kitti_subset", "tiles_filename": "tiles.pkl", "splits": {"train": "E:\\code_file\\robot_final_project\\OrienterNet\\project_assets\\kitti_subset_test.txt", "val": "E:\\code_file\\robot_final_project\\OrienterNet\\project_assets\\kitti_subset_test.txt", "test": "E:\\code_file\\robot_final_project\\OrienterNet\\project_assets\\kitti_subset_test.txt"}, "loading": {"train": {"batch_size": 1, "num_workers": 0}, "val": {"batch_size": 1, "num_workers": 0}, "test": {"batch_size": 1, "num_workers": 0}}, "max_num_val": null, "drop_train_too_close_to_val": null}}, "results": {"xy_expectation_error": 4.184163570404053, "xy_max_error": 4.070925712585449, "xy_recall_2m": 0.0, "xy_recall_5m": 0.800000011920929, "yaw_max_error": 3.608163356781006, "yaw_recall_2\u00b0": 0.20000000298023224, "yaw_recall_5\u00b0": 0.6000000238418579, "directional_error": [1.7900863885879517, 3.4361679553985596]}, "errors": {"xy_expectation_error": [3.3666439056396484, 3.4784343242645264, 3.8924660682678223, 4.675734519958496, 5.507538795471191], "xy_max_error": [3.3621559143066406, 3.7469797134399414, 3.4560201168060303, 4.347350597381592, 5.4421234130859375], "yaw_max_error": [5.2892913818359375, 0.21306610107421875, 4.595314025878906, 5.7843780517578125, 2.1587677001953125], "directional_error": [[0.5079567432403564, 3.3235630989074707], [2.733262062072754, 2.563032865524292], [1.0341683626174927, 3.297661304473877], [0.6879334449768066, 4.292575359344482], [3.9871103763580322, 3.704005718231201]]}}